"","Sensitivity","Specificity","Pos Pred Value","Neg Pred Value","Precision","Recall","F1","Prevalence","Detection Rate","Detection Prevalence","Balanced Accuracy"
"Class: 1",0.594594594594595,0.861386138613861,0.611111111111111,0.852941176470588,0.611111111111111,0.594594594594595,0.602739726027397,0.268115942028986,0.159420289855072,0.260869565217391,0.727990366604228
"Class: 2",0.333333333333333,0.923076923076923,0.4375,0.885245901639344,0.4375,0.333333333333333,0.378378378378378,0.152173913043478,0.0507246376811594,0.115942028985507,0.628205128205128
"Class: 3",0.444444444444444,0.837837837837838,0.4,0.861111111111111,0.4,0.444444444444444,0.421052631578947,0.195652173913043,0.0869565217391304,0.217391304347826,0.641141141141141
"Class: 4",0.882352941176471,0.961538461538462,0.882352941176471,0.961538461538462,0.882352941176471,0.882352941176471,0.882352941176471,0.246376811594203,0.217391304347826,0.246376811594203,0.921945701357466
"Class: 5",0.684210526315789,0.92436974789916,0.590909090909091,0.948275862068966,0.590909090909091,0.684210526315789,0.634146341463415,0.13768115942029,0.0942028985507246,0.159420289855072,0.804290137107475
