"","Sensitivity","Specificity","Pos Pred Value","Neg Pred Value","Precision","Recall","F1","Prevalence","Detection Rate","Detection Prevalence","Balanced Accuracy"
"Class: 1",0.675675675675676,0.801980198019802,0.555555555555556,0.870967741935484,0.555555555555556,0.675675675675676,0.609756097560976,0.268115942028986,0.181159420289855,0.326086956521739,0.738827936847739
"Class: 2",0.476190476190476,0.957264957264957,0.666666666666667,0.910569105691057,0.666666666666667,0.476190476190476,0.555555555555556,0.152173913043478,0.072463768115942,0.108695652173913,0.716727716727717
"Class: 3",0.518518518518518,0.90990990990991,0.583333333333333,0.885964912280702,0.583333333333333,0.518518518518518,0.549019607843137,0.195652173913043,0.101449275362319,0.173913043478261,0.714214214214214
"Class: 4",0.823529411764706,0.961538461538462,0.875,0.943396226415094,0.875,0.823529411764706,0.848484848484849,0.246376811594203,0.202898550724638,0.231884057971014,0.892533936651584
"Class: 5",0.684210526315789,0.92436974789916,0.590909090909091,0.948275862068966,0.590909090909091,0.684210526315789,0.634146341463415,0.13768115942029,0.0942028985507246,0.159420289855072,0.804290137107475
