"","Sensitivity","Specificity","Pos Pred Value","Neg Pred Value","Precision","Recall","F1","Prevalence","Detection Rate","Detection Prevalence","Balanced Accuracy"
"Class: 1",0.513513513513513,0.782178217821782,0.463414634146341,0.814432989690722,0.463414634146341,0.513513513513513,0.487179487179487,0.268115942028986,0.13768115942029,0.297101449275362,0.647845865667648
"Class: 2",0.333333333333333,0.957264957264957,0.583333333333334,0.888888888888889,0.583333333333333,0.333333333333333,0.424242424242424,0.152173913043478,0.0507246376811594,0.0869565217391304,0.645299145299145
"Class: 3",0.518518518518518,0.90990990990991,0.583333333333333,0.885964912280702,0.583333333333333,0.518518518518518,0.549019607843137,0.195652173913043,0.101449275362319,0.173913043478261,0.714214214214214
"Class: 4",0.617647058823529,0.788461538461538,0.488372093023256,0.863157894736842,0.488372093023256,0.617647058823529,0.545454545454546,0.246376811594203,0.152173913043478,0.311594202898551,0.703054298642534
"Class: 5",0.578947368421053,0.941176470588235,0.611111111111111,0.933333333333333,0.611111111111111,0.578947368421053,0.594594594594595,0.13768115942029,0.0797101449275362,0.130434782608696,0.760061919504644
