"","Sensitivity","Specificity","Pos Pred Value","Neg Pred Value","Precision","Recall","F1","Prevalence","Detection Rate","Detection Prevalence","Balanced Accuracy"
"Class: 1",0.540540540540541,0.752475247524752,0.444444444444445,0.817204301075269,0.444444444444444,0.540540540540541,0.48780487804878,0.268115942028986,0.144927536231884,0.326086956521739,0.646507894032647
"Class: 2",0.619047619047619,0.905982905982906,0.541666666666667,0.929824561403509,0.541666666666667,0.619047619047619,0.577777777777778,0.152173913043478,0.0942028985507246,0.173913043478261,0.762515262515262
"Class: 3",0.296296296296296,0.954954954954955,0.615384615384615,0.848,0.615384615384615,0.296296296296296,0.4,0.195652173913043,0.0579710144927536,0.0942028985507246,0.625625625625626
"Class: 4",0.705882352941177,0.846153846153846,0.6,0.897959183673469,0.6,0.705882352941177,0.648648648648649,0.246376811594203,0.173913043478261,0.289855072463768,0.776018099547511
"Class: 5",0.421052631578947,0.932773109243697,0.5,0.909836065573771,0.5,0.421052631578947,0.457142857142857,0.13768115942029,0.0579710144927536,0.115942028985507,0.676912870411322
