"","Sensitivity","Specificity","Pos Pred Value","Neg Pred Value","Precision","Recall","F1","Prevalence","Detection Rate","Detection Prevalence","Balanced Accuracy"
"Class: 1",0.833333333333333,0.878787878787879,0.714285714285714,0.935483870967742,0.714285714285714,0.833333333333333,0.769230769230769,0.266666666666667,0.222222222222222,0.311111111111111,0.856060606060606
"Class: 2",0.857142857142857,0.947368421052632,0.75,0.972972972972973,0.75,0.857142857142857,0.8,0.155555555555556,0.133333333333333,0.177777777777778,0.902255639097744
"Class: 3",0.333333333333333,1,1,0.857142857142857,1,0.333333333333333,0.5,0.2,0.0666666666666667,0.0666666666666667,0.666666666666667
"Class: 4",1,0.911764705882353,0.785714285714286,1,0.785714285714286,1,0.88,0.244444444444444,0.244444444444444,0.311111111111111,0.955882352941176
"Class: 5",0.666666666666667,0.948717948717949,0.666666666666666,0.948717948717949,0.666666666666667,0.666666666666667,0.666666666666667,0.133333333333333,0.0888888888888889,0.133333333333333,0.807692307692308
