"","Sensitivity","Specificity","Pos Pred Value","Neg Pred Value","Precision","Recall","F1","Prevalence","Detection Rate","Detection Prevalence","Balanced Accuracy"
"Class: 1",0.75,0.848484848484849,0.642857142857143,0.903225806451613,0.642857142857143,0.75,0.692307692307692,0.266666666666667,0.2,0.311111111111111,0.799242424242424
"Class: 2",0.857142857142857,0.894736842105263,0.6,0.971428571428571,0.6,0.857142857142857,0.705882352941176,0.155555555555556,0.133333333333333,0.222222222222222,0.87593984962406
"Class: 3",0.333333333333333,0.972222222222222,0.75,0.853658536585366,0.75,0.333333333333333,0.461538461538462,0.2,0.0666666666666667,0.0888888888888889,0.652777777777778
"Class: 4",0.909090909090909,0.882352941176471,0.714285714285714,0.967741935483871,0.714285714285714,0.909090909090909,0.8,0.244444444444444,0.222222222222222,0.311111111111111,0.89572192513369
"Class: 5",0.333333333333333,0.974358974358974,0.666666666666666,0.904761904761905,0.666666666666667,0.333333333333333,0.444444444444444,0.133333333333333,0.0444444444444444,0.0666666666666667,0.653846153846154
