"","Sensitivity","Specificity","Pos Pred Value","Neg Pred Value","Precision","Recall","F1","Prevalence","Detection Rate","Detection Prevalence","Balanced Accuracy"
"Class: 1",0.916666666666667,0.666666666666667,0.5,0.956521739130435,0.5,0.916666666666667,0.647058823529412,0.266666666666667,0.244444444444444,0.488888888888889,0.791666666666667
"Class: 2",0.285714285714286,1,1,0.883720930232558,1,0.285714285714286,0.444444444444444,0.155555555555556,0.0444444444444444,0.0444444444444444,0.642857142857143
"Class: 3",0.333333333333333,1,1,0.857142857142857,1,0.333333333333333,0.5,0.2,0.0666666666666667,0.0666666666666667,0.666666666666667
"Class: 4",1,0.911764705882353,0.785714285714286,1,0.785714285714286,1,0.88,0.244444444444444,0.244444444444444,0.311111111111111,0.955882352941176
"Class: 5",0.5,0.974358974358974,0.75,0.926829268292683,0.75,0.5,0.6,0.133333333333333,0.0666666666666667,0.0888888888888889,0.737179487179487
