"","Sensitivity","Specificity","Pos Pred Value","Neg Pred Value","Precision","Recall","F1","Prevalence","Detection Rate","Detection Prevalence","Balanced Accuracy"
"Class: 1",0.583333333333333,0.818181818181818,0.538461538461539,0.84375,0.538461538461538,0.583333333333333,0.56,0.266666666666667,0.155555555555556,0.288888888888889,0.700757575757576
"Class: 2",0.571428571428571,0.947368421052632,0.666666666666666,0.923076923076923,0.666666666666667,0.571428571428571,0.615384615384615,0.155555555555556,0.0888888888888889,0.133333333333333,0.759398496240602
"Class: 3",0.666666666666667,0.777777777777778,0.428571428571429,0.903225806451613,0.428571428571429,0.666666666666667,0.521739130434783,0.2,0.133333333333333,0.311111111111111,0.722222222222222
"Class: 4",0.636363636363636,0.941176470588235,0.777777777777778,0.888888888888889,0.777777777777778,0.636363636363636,0.7,0.244444444444444,0.155555555555556,0.2,0.788770053475936
"Class: 5",0.333333333333333,0.974358974358974,0.666666666666666,0.904761904761905,0.666666666666667,0.333333333333333,0.444444444444444,0.133333333333333,0.0444444444444444,0.0666666666666667,0.653846153846154
