"","Sensitivity","Specificity","Pos Pred Value","Neg Pred Value","Precision","Recall","F1","Prevalence","Detection Rate","Detection Prevalence","Balanced Accuracy"
"Class: 1",0.810810810810811,0.891089108910891,0.731707317073171,0.927835051546392,0.731707317073171,0.810810810810811,0.769230769230769,0.268115942028986,0.217391304347826,0.297101449275362,0.850949959860851
"Class: 2",0.761904761904762,0.957264957264957,0.761904761904762,0.957264957264957,0.761904761904762,0.761904761904762,0.761904761904762,0.152173913043478,0.115942028985507,0.152173913043478,0.85958485958486
"Class: 3",0.407407407407407,0.945945945945946,0.647058823529412,0.867768595041322,0.647058823529412,0.407407407407407,0.5,0.195652173913043,0.0797101449275362,0.123188405797101,0.676676676676677
"Class: 4",1,0.942307692307692,0.85,1,0.85,1,0.918918918918919,0.246376811594203,0.246376811594203,0.289855072463768,0.971153846153846
"Class: 5",0.578947368421053,0.932773109243697,0.578947368421053,0.932773109243697,0.578947368421053,0.578947368421053,0.578947368421053,0.13768115942029,0.0797101449275362,0.13768115942029,0.755860238832375
