"","Sensitivity","Specificity","Pos Pred Value","Neg Pred Value","Precision","Recall","F1","Prevalence","Detection Rate","Detection Prevalence","Balanced Accuracy"
"Class: 1",0.864864864864865,0.891089108910891,0.744186046511628,0.947368421052632,0.744186046511628,0.864864864864865,0.8,0.268115942028986,0.231884057971014,0.311594202898551,0.877976986887878
"Class: 2",0.714285714285714,0.957264957264957,0.75,0.949152542372881,0.75,0.714285714285714,0.731707317073171,0.152173913043478,0.108695652173913,0.144927536231884,0.835775335775336
"Class: 3",0.407407407407407,0.90990990990991,0.523809523809524,0.863247863247863,0.523809523809524,0.407407407407407,0.458333333333333,0.195652173913043,0.0797101449275362,0.152173913043478,0.658658658658659
"Class: 4",0.852941176470588,0.971153846153846,0.90625,0.952830188679245,0.90625,0.852941176470588,0.878787878787879,0.246376811594203,0.210144927536232,0.231884057971014,0.912047511312217
"Class: 5",0.684210526315789,0.92436974789916,0.590909090909091,0.948275862068966,0.590909090909091,0.684210526315789,0.634146341463415,0.13768115942029,0.0942028985507246,0.159420289855072,0.804290137107475
