"","Sensitivity","Specificity","Pos Pred Value","Neg Pred Value","Precision","Recall","F1","Prevalence","Detection Rate","Detection Prevalence","Balanced Accuracy"
"Class: 1",0.837837837837838,0.891089108910891,0.738095238095238,0.9375,0.738095238095238,0.837837837837838,0.784810126582279,0.268115942028986,0.22463768115942,0.304347826086957,0.864463473374364
"Class: 2",0.857142857142857,0.974358974358974,0.857142857142857,0.974358974358974,0.857142857142857,0.857142857142857,0.857142857142857,0.152173913043478,0.130434782608696,0.152173913043478,0.915750915750916
"Class: 3",0.555555555555556,0.963963963963964,0.789473684210527,0.899159663865546,0.789473684210526,0.555555555555556,0.652173913043478,0.195652173913043,0.108695652173913,0.13768115942029,0.75975975975976
"Class: 4",0.970588235294118,0.942307692307692,0.846153846153846,0.98989898989899,0.846153846153846,0.970588235294118,0.904109589041096,0.246376811594203,0.239130434782609,0.282608695652174,0.956447963800905
"Class: 5",0.578947368421053,0.949579831932773,0.647058823529412,0.933884297520661,0.647058823529412,0.578947368421053,0.611111111111111,0.13768115942029,0.0797101449275362,0.123188405797101,0.764263600176913
