"","Sensitivity","Specificity","Pos Pred Value","Neg Pred Value","Precision","Recall","F1","Prevalence","Detection Rate","Detection Prevalence","Balanced Accuracy"
"Class: 1",0.594594594594595,0.702970297029703,0.423076923076923,0.825581395348837,0.423076923076923,0.594594594594595,0.49438202247191,0.268115942028986,0.159420289855072,0.376811594202899,0.648782445812149
"Class: 2",0.19047619047619,0.974358974358974,0.571428571428571,0.870229007633588,0.571428571428571,0.19047619047619,0.285714285714286,0.152173913043478,0.0289855072463768,0.0507246376811594,0.582417582417582
"Class: 3",0.37037037037037,0.954954954954955,0.666666666666667,0.861788617886179,0.666666666666667,0.37037037037037,0.476190476190476,0.195652173913043,0.072463768115942,0.108695652173913,0.662662662662663
"Class: 4",0.705882352941177,0.798076923076923,0.533333333333333,0.89247311827957,0.533333333333333,0.705882352941177,0.607594936708861,0.246376811594203,0.173913043478261,0.326086956521739,0.75197963800905
"Class: 5",0.631578947368421,0.941176470588235,0.631578947368421,0.941176470588235,0.631578947368421,0.631578947368421,0.631578947368421,0.13768115942029,0.0869565217391304,0.13768115942029,0.786377708978328
